datetime,temp,dew,humidity,precip,windspeed,windspeedmean,sealevelpressure,cloudcover,solarradiation
2022-01-13,36.8,35.2,93.7,0,6.4,5.2,1041.1,65.8,17.4
2022-01-14,38,33.1,83,0,6.3,3.6,1036,5.1,38.8
2022-01-15,36.7,32.5,85.6,0.006,8.4,3.4,1027.9,20.9,39.2
2022-01-16,35.1,33.4,93.4,0.02,8.3,5.4,1030.3,99.2,18.7
2022-01-17,42.4,39.8,90.3,0,4.8,3.4,1037.5,84.7,20.8
2022-01-18,41.2,37,85.6,0.006,9.5,6.2,1036.5,54.3,40.5
2022-01-19,41.9,38.1,86.2,0.045,8.3,5.6,1028.9,98.7,15.3
2022-01-20,41,35.7,81.7,0.006,11.8,8,1032.8,71.7,44.3
2022-01-21,39.1,33.8,81.4,0,10.8,7.4,1038,82.9,29
2022-01-22,41.4,34.5,76.2,0,8.6,5.2,1037.7,98.8,25.4
2022-01-23,39.4,34.7,83.1,0,8.3,6,1035.4,91.6,13.8
2022-01-24,37.7,32.4,82,0,7.1,4.8,1032.4,0,48.6
2022-01-25,32.4,31.4,96,0,4.4,2.9,1034.1,57.9,30.8
2022-01-26,35.5,32.2,87.8,0,7.3,3.9,1035.5,100,18.7
2022-01-27,40.4,36.6,86.5,0.002,8.7,6.2,1032.7,98.8,26
2022-01-28,44.2,41.4,89.8,0,7.9,4.7,1037,96.8,27.3
2022-01-29,47.3,44.4,89.6,0,10.7,8,1033.7,99.2,19.2
2022-01-30,47,38.5,73,0.001,7.2,4.9,1031.5,74.9,45.8
2022-01-31,44.3,33.2,65.4,0.027,19.8,11.8,1023.8,69.2,45.3
2022-02-01,44.4,40.1,84.8,0.021,13.9,9.3,1025.5,90.7,17.5
2022-02-02,50.2,44.5,80.8,0.001,12.5,7.9,1025.3,98,33.7
2022-02-03,45.8,39.4,78.1,0,10,6.9,1020,98.9,21.3
2022-02-04,45.4,40.7,83.8,0.033,14.6,8.8,1017.2,79.5,37
2022-02-05,42.9,35,74.1,0,11.5,7.3,1025.4,43.8,75.3
2022-02-06,48.3,43.3,83,0.232,18.9,14.4,1017,98.3,17
2022-02-07,45.6,34.9,66.5,0.014,14.1,7.6,1027.6,32.9,70
2022-02-08,47,41.6,81.4,0,8.3,5.3,1032.8,93,24.4
2022-02-09,45,39.1,81.3,0,5.7,3.8,1027.4,23.9,63.9
2022-02-10,45.1,40.5,84,0.037,12.7,7.2,1024.5,98.3,33.1
2022-02-11,41,34,76.9,0,7.9,4.6,1032.7,41.1,71.6
2022-02-12,39.3,28.7,67.6,0,10,5.8,1027.7,53.3,87.3
2022-02-13,44.2,34.2,68.7,0,15,9.6,1012.3,64.9,75
2022-02-14,48.8,41.6,76.7,0.097,17.2,10,1004.7,91.3,44.6
2022-02-15,46,40.9,82.6,0.014,16.2,10.3,1014.7,76.5,53.9
2022-02-16,54.2,50.4,87.5,0.15,16.8,13,1007.7,99.3,30.8
2022-02-17,54.2,41.9,64.2,0.02,17.2,12.3,1014.4,89.8,37.1
2022-02-18,50.9,42.5,74.1,0.077,21.9,14.5,1009.5,93.3,21.4
2022-02-19,44.8,33.6,65.5,0,16,12.5,1018.8,48.9,23.3
2022-02-20,51.4,44.1,76.2,0.008,19,13,1015.9,96.9,22
2022-02-21,47.4,37.6,68.9,0.108,20.4,15,1014.8,90,15.7
2022-02-22,48.3,43.1,82.2,0.012,13.7,9,1024.5,89.3,29.2
2022-02-23,48.3,40.9,77,0,8.5,4.8,1025.8,73.3,22.6
2022-02-24,46.8,38.1,72,0.083,16.5,8.6,1017.9,75.8,30
2022-02-25,43.3,32.7,67.2,0.001,11.6,8,1028.3,25.4,41.8
2022-02-26,42,31.2,67.3,0.006,12.1,7.2,1031.9,5.2,47
2022-02-27,41.3,27.2,58,0,10.1,7.9,1026.9,6.7,48.5
2022-02-28,42.4,26.2,54.6,0,9.5,4.6,1028.4,27.4,45
2022-03-01,46.1,32.1,58.9,0,6.9,4.1,1026.5,94.5,33.4
2022-03-02,47.8,34.1,59.3,0,5.8,3.9,1020.9,94.4,38.3
2022-03-03,49.4,42.7,77.9,0,6.2,3.8,1016.8,94.9,47.2
2022-03-04,49.5,43.9,80.9,0,9.8,4.5,1018.3,93.8,25.8
2022-03-05,47.9,39.8,74.8,0,8.9,5.5,1019.7,74.8,46.3
2022-03-06,41.6,29.2,64.1,0,14.3,9.7,1022.7,30.9,53.2
2022-03-07,38.1,23.3,55.9,0,12.8,9.9,1021.8,5.7,54
2022-03-08,42.6,26.2,53,0,9.8,7,1017.6,4.2,52.3
2022-03-09,48.5,36.6,64.6,0,9.5,6.3,1020.5,54,43.2
2022-03-10,51.4,37.2,59.3,0,10.1,6.9,1019.3,60,55.5
2022-03-11,49.7,42.1,75.6,0.118,12.2,8.5,1011,83.4,20.8
2022-03-12,47.1,42.6,84.3,0.014,13.9,8.6,1014.4,92.1,26.4
2022-03-13,48,41.7,79.1,0.061,12.7,9.3,1011.7,93.3,24.8
2022-03-14,49,39.7,72.7,0,8.6,5.9,1025.1,60.5,59.6
2022-03-15,50.2,46.6,87.9,0.14,7.7,4.6,1022.7,97.6,15.8
2022-03-16,52.2,47.6,84.7,0,12.7,5.5,1020,95,29.9
2022-03-17,47.8,39.7,73.4,0,13.4,10,1030.9,93.7,31.9
2022-03-18,49.3,31.5,54.6,0,17.5,11.4,1037.8,38.1,67.5
2022-03-19,51.5,31.6,47.2,0,13.2,10.7,1032.7,8.8,66
2022-03-20,47.2,28.7,49.8,0,9.4,6.4,1026.9,37.1,63.8
2022-03-21,53.8,40.4,61.9,0,10,5.1,1028.1,39.5,63.8
2022-03-22,55.1,35.1,49.3,0,12.6,7.1,1028.9,17.2,70.1
2022-03-23,54.1,31.5,44.1,0,9.2,4.9,1029.6,11.7,72.9
2022-03-24,57.2,31.7,39.5,0,7,4.5,1027.7,7.8,70.7
2022-03-25,56.9,32.2,40.1,0,12.3,8,1027.6,0,70.6
2022-03-26,56.6,32.6,42.4,0,13.9,8.6,1027.6,0,76.6
2022-03-27,58.3,36.7,46.6,0,8.1,5.8,1027.4,0,78.3
2022-03-28,59,38.5,50.1,0,6.6,3.8,1022.1,67.2,50.3
2022-03-29,57.3,41.3,56.3,0.016,9.4,5.2,1010.1,96.6,32.4
2022-03-30,51.7,46.8,83.7,0.185,10,4.6,1002.9,94.5,30.9
2022-03-31,43.2,36.1,76.5,0.042,19.4,11.7,1001.8,89.6,54.3
2022-04-01,36.1,30.7,80.6,0.067,17.6,14.8,1008.2,97.4,13.2
2022-04-02,39.7,24.6,56,0,20.6,13.7,1017.7,69.3,37.2
2022-04-03,41.5,24,50.9,0,12.3,8.8,1023.7,64.3,50.8
2022-04-04,43.2,30,60.8,0,15.7,8.8,1020,70,33.5
2022-04-05,50.2,45.4,84.1,0.046,9.8,7.7,1013.6,98.9,21.6
2022-04-06,51.1,42.1,71.3,0,15.7,10.1,1007.7,92.6,55.3
2022-04-07,54,44.3,71.3,0.065,20.9,15.4,998,91.1,76.4
2022-04-08,43.3,39,86,1.432,17.9,8.3,1000.4,97.1,16.3
2022-04-09,43.2,35,75.1,0.137,10.2,6.2,1015.6,77.5,64.3
2022-04-10,46.9,33.5,61.9,0,8.3,4.5,1020.6,46.2,79.4
2022-04-11,54.2,36.8,52.9,0,10.9,8.1,1011.5,76.6,86.4
2022-04-12,60.7,46.1,59.7,0,13.4,8.3,1008.5,90.1,66.9
2022-04-13,57.3,51.9,82.8,0.307,5.8,3.2,1017,96.6,45.1
2022-04-14,60.2,49.8,71.7,0.007,6.9,4.1,1022.1,72.3,92.8
2022-04-15,60.9,48.1,64.2,0,10.7,5.2,1025.5,59,97.7
2022-04-16,59,44.2,59.7,0,12.9,8.1,1027.2,24.1,108.3
2022-04-17,58.7,33.3,40.2,0,9.6,6.7,1023.1,48.4,100.6
2022-04-18,58.3,33.8,41,0,10.4,4.6,1017.1,74.4,83.3
2022-04-19,55.5,43.6,65,0,11.3,8,1014.6,78.1,101.2
2022-04-20,57,39.8,56.4,0,12,7.9,1011.8,80.9,87.8
2022-04-21,58.7,36.9,44.5,0,11.7,7.8,1008.2,60.5,109.8
2022-04-22,59,41.9,53.8,0,11.3,7.9,1002.4,38.4,91.8
2022-04-23,58.2,45.5,63.2,0.014,11.5,7.6,997.6,83.7,81
2022-04-24,58.7,44.7,61,0,9.7,7.3,1002.2,74.6,47.8
2022-04-25,55.1,41,61,0,11.5,8.8,1011.2,67.6,112.9
2022-04-26,52.4,42,69,0,9.3,7.2,1018.4,65.4,155
2022-04-27,55.1,40.5,59.4,0,12.1,8.9,1022.7,36.4,114.9
2022-04-28,59.4,41,53.2,0,10.4,8.4,1025.6,62.1,88.7
2022-04-29,59.3,43.8,57.1,0,12.4,8.9,1026.7,69,122.4
2022-04-30,53.8,39.9,61.5,0,12,9.5,1026.4,38.6,114.5
2022-05-01,54.1,37.6,55.3,0,9.4,7.5,1023.1,79,121.6
2022-05-02,56.9,41.2,56.7,0,10.4,7.1,1018.5,75.9,76.1
2022-05-03,58.2,42,56.2,0,11.7,9.3,1018,67.3,76.3
2022-05-04,57.1,45.1,65.9,0.01,10.9,6.8,1019.5,93,55
2022-05-05,58,46.6,67.1,0.001,11.2,7.3,1023.1,81.6,73
2022-05-06,60.9,46.7,62.3,0,8.7,5.8,1025.8,31.8,86.4
2022-05-07,61.3,48.2,63.6,0,8.5,6.4,1024.3,82.6,123
2022-05-08,61.2,50.9,70.7,0,10.4,8.5,1024.9,48.7,123
2022-05-09,65.9,48.2,55.4,0,6.8,4.4,1024,32.4,118.1
2022-05-10,70.5,51,52.7,0,12.5,7.5,1018.7,72.2,134.9
2022-05-11,67.6,51.3,57.6,0,14.8,8.1,1014.2,26.3,130.7
2022-05-12,62.2,48.6,62,0,9.2,5.7,1019.9,69.2,78.2
2022-05-13,61.3,43.4,53.3,0,9.9,5.6,1022.9,30.5,135.5
2022-05-14,64,45.8,53.4,0,7.7,4.3,1021.6,55.9,115.3
2022-05-15,70.6,49.9,51,0.104,11.2,7,1014.6,75.2,97.5
2022-05-16,68,56.2,69,0.022,8.3,5.9,1017,82,95.8
2022-05-17,73.4,55.3,55.9,0,8.7,4.6,1018.7,53,282.8
2022-05-18,74.4,57.8,58.1,0.001,9.2,6.4,1019.3,63.7,116.5
2022-05-19,72.9,60.5,65.9,0.007,13.5,6.1,1018.1,82,134.1
2022-05-20,64.5,55.3,72.7,0.093,14.6,7.1,1019.7,81.5,79
2022-05-21,64.3,51.1,65.1,0.001,6.6,3.7,1022.5,58.1,142.5
2022-05-22,66.2,52.8,62.5,0,9.3,5.6,1014,88.6,71.1
2022-05-23,62,56.7,83.1,0.223,10.5,6,1003.4,95,44.5
2022-05-24,57.9,47.4,69.8,0.099,13,8.3,1009.3,82.8,119.2
2022-05-25,59.4,45.9,63.5,0.001,11.2,6.6,1018.2,55.8,55.2
2022-05-26,61.8,52,70.8,0,9.4,7.2,1024.9,93.9,90.9
2022-05-27,61.9,50.3,66.8,0,9.5,7,1025.4,73.1,113.7
2022-05-28,60.1,45.1,59.9,0,14.1,7.1,1022.5,44.8,118.3
2022-05-29,55.2,39.3,56.4,0,12.6,8.9,1016.9,59,93.3
2022-05-30,57,40.8,57.2,0,9.9,6.2,1013.2,45.8,114.6
2022-05-31,61.7,41.3,48.1,0,9.7,5.3,1013.3,72.6,118.5
2022-06-01,61.7,43.1,52.3,0,9.9,5.6,1016.7,44.6,124.3
2022-06-02,65.5,43.5,47.1,0,9.3,7.3,1017.9,58.2,269.4
2022-06-03,65.9,53.2,64.7,0.069,7.3,4.3,1014.9,76.7,54.4
2022-06-04,67.7,60.6,80.4,0.944,10.8,5.5,1015.5,75.9,34
2022-06-05,65.5,60,83.4,0.033,10.9,5.7,1015.1,91.6,109.9
2022-06-06,63.8,51.1,65.5,0,10.2,6.5,1017.6,71.8,105.3
2022-06-07,65.5,53.8,67.4,0.011,12.1,8.1,1015,84.9,136.3
2022-06-08,63.2,54.7,75.3,0.411,15.3,8.2,1010.3,86.3,99.8
2022-06-09,62.4,49.8,65.2,0.006,9.6,7.2,1018.2,71.2,133.6
2022-06-10,66.7,54.9,66.4,0,10.8,6.2,1022.5,64.7,97.3
2022-06-11,69.1,56.8,66.8,0.001,11.1,4.5,1023,46.3,152.5
2022-06-12,66.3,48.7,54.6,0,11.5,7.5,1024,35.9,158.4
2022-06-13,64.4,47.5,56.3,0,9.5,6.4,1024,13.4,154.4
2022-06-14,69,48.6,49.8,0,7.5,5.8,1020.1,42.2,161.9
2022-06-15,74.7,51.7,46.8,0,9,5.9,1016.4,43.1,150.6
2022-06-16,75.2,50.9,45.2,0,8,5.7,1020.7,39.4,145.5
2022-06-17,80,53.9,42.3,0,6.4,4.3,1022,26.1,143.1
2022-06-18,84.6,59.5,45.2,0,9.2,4.9,1014.8,12.9,148.6
2022-06-19,69.1,58.2,69.5,0.053,16.8,10.4,1009.2,63.6,131.5
2022-06-20,64.4,57,78.6,0.47,12.4,8.1,1014.2,93.9,124.9
2022-06-21,69.5,57.2,66,0.031,8.4,6,1012.2,72.6,111.5
2022-06-22,69.3,57.2,65.6,0,9.6,6.6,1010.3,85.2,124.6
2022-06-23,73.4,59.2,63.8,0.012,9.2,6.5,1010,83.5,103.9
2022-06-24,70,58.2,67.8,0.32,14,8.1,1008.5,85.6,118.4
2022-06-25,63.3,54.8,74,0.023,9.6,6.4,1011.7,96.8,48.2
2022-06-26,63.3,51.3,66.8,0,8.8,5,1015,80.6,69.1
2022-06-27,66.2,49.7,58.7,0,10.6,6.1,1017.7,71.3,126.5
2022-06-28,69.8,49.1,51.4,0,7.1,5.2,1019.3,25.3,167.3
2022-06-29,70,51.1,52.8,0,9.9,6.1,1014.2,51.8,133.8
2022-06-30,59.9,54.3,82.2,0.401,8.7,5.3,1014.5,92.8,58.8
2022-07-01,62,48.2,63.6,0.001,7.2,5.1,1019.6,51.6,91.2
2022-07-02,68.3,48.6,52.4,0,9.5,4.6,1020.5,13.7,163.4
2022-07-03,67.2,50.2,55.7,0,9.2,6.6,1020.3,45.9,149
2022-07-04,67.7,49.9,55.3,0,11.9,5.7,1021.6,20.3,158.3
2022-07-05,67.2,51.2,59,0,12.2,7,1023.8,14.3,153.2
2022-07-06,68.5,50.4,54.3,0,11.3,6.6,1026.5,43.5,153.9
2022-07-07,66.3,55.2,68.1,0,11.5,8.4,1027.1,73,56.3
2022-07-08,68,49.6,54.9,0,9.2,7.2,1031.3,4.3,155.6
2022-07-09,73.3,54.4,53.2,0,13.9,7.2,1027.9,45.1,125.3
2022-07-10,70,51.3,53.2,0,13.5,9.4,1025.9,12,153.8
2022-07-11,75.3,54.8,50.3,0,9.5,7.6,1022.5,24,142.8
2022-07-12,79.6,53.8,45,0,7.3,4,1022.9,76.1,146.3
2022-07-13,83.1,52.7,36.9,0,13.5,5.2,1020.8,64.9,148.1
2022-07-14,78.2,54.6,45.6,0,13.4,7.5,1019.4,55.7,151.4
2022-07-15,71.3,46.8,44,0,11.6,8.2,1022.5,17.5,150.4
2022-07-16,73.1,48.6,43.8,0,9.7,6.6,1023.3,15.8,147.7
2022-07-17,76.9,47.3,37.4,0,8.2,6.1,1024.3,30.8,145.8
2022-07-18,84.2,48.9,31.7,0,7.1,4.3,1020.3,17.1,139
2022-07-19,88.3,53.8,33.3,0,16.1,7.9,1013.6,13.3,127.7
2022-07-20,70.3,63.5,80.1,0.253,9.7,6.5,1018.4,91.5,78.6
2022-07-21,71,60.7,71.7,0.001,7.6,5,1021,74.3,108.6
2022-07-22,70.1,62.4,77,0.037,8,6,1018.4,70.8,60.5
2022-07-23,71.1,61.6,74,0,8.2,4.5,1019.5,82.2,142.7
2022-07-24,78.3,58.3,53.9,0,9.2,5.4,1017.2,16,143.3
2022-07-25,74.4,56.4,54.5,0,13.6,9.1,1013.4,59.6,139.2
2022-07-26,67.5,53.8,62.6,0,11.6,6.5,1018.8,86.9,85
2022-07-27,68.4,50.5,55.7,0,11.3,6.3,1018.6,68.6,82.8
2022-07-28,70.6,47.4,44.9,0,10,5.4,1015.4,84.8,106.8
2022-07-29,73.9,48.8,42.5,0,6.9,4.3,1016.9,55.8,116
2022-07-30,76.2,52.8,45.3,0,9,5.1,1019.1,57,114.3
2022-07-31,73.4,59.1,61.9,0,10.5,6.8,1019.6,50,150.9
2022-08-01,73,59.1,63,0,7.1,4.6,1018.9,84,93.7
2022-08-02,76.3,57.5,54.4,0,7.5,4.2,1018.1,60.8,122
2022-08-03,82.4,58.9,48.5,0,7.4,4.2,1014.4,27.3,121.9
2022-08-04,75.4,61.6,62.6,0.013,12.1,7.7,1014,82.3,81.3
2022-08-05,69.3,54.7,63.2,0.312,13.7,8.2,1019,65.5,83
2022-08-06,67.6,43,42.8,0,12.3,9.9,1025.7,17.1,135
2022-08-07,70.2,45.4,42.7,0,11.7,9.4,1023.4,24.9,132.2
2022-08-08,72.7,48.6,44.9,0,11.6,9.9,1023.2,25.8,129.2
2022-08-09,75.4,52.9,48.5,0,11.6,9.6,1023.8,17.4,127.8
2022-08-10,78.9,50.9,40.3,0,13.9,8.2,1021.5,22.5,123.4
2022-08-11,80,48.3,34.4,0,12.1,7.3,1018.3,19.7,115.5
2022-08-12,81,47.6,32.8,0,10.7,6.6,1015.1,12,124
2022-08-13,80.4,45.6,30.7,0,9.8,5.9,1012.7,23.8,116.4
2022-08-14,73.1,54.5,54.9,0.429,11.4,6,1007.3,90,53.5
2022-08-15,69,61.2,78.2,0.006,7.1,4.6,1005.8,74,121.6
2022-08-16,69.9,61.4,75.8,1.562,7.9,4.5,1008.4,90.2,66.1
2022-08-17,68.2,62.7,84.2,0.006,7.1,3.9,1010.2,86.7,120.2
2022-08-18,71.8,59.9,69,0.008,11.4,5.1,1013.7,57.2,88.5
2022-08-19,69,60.8,75.4,0.026,10.4,5.8,1017.1,87.7,39.8
2022-08-20,67.3,53.6,64.3,0.001,6.7,4.7,1019.5,36,110.5
2022-08-21,69.5,54.7,60.9,0,9.2,4.9,1016.6,76.5,90.5
2022-08-22,70.4,57.6,64.2,0,8.1,5,1014.9,83.2,63.5
2022-08-23,73.3,61.6,68.1,0,5.8,3,1016,76.1,48.9
2022-08-24,78.2,60.4,57.7,0,6.3,4,1016.1,38.8,103.8
2022-08-25,77,58,53,0,14.5,6.4,1014.6,66.8,45.9
2022-08-26,71.1,58.5,66.6,0,11.1,7.8,1017.6,79.8,90.8
2022-08-27,69.2,53,58.4,0,9.3,7.3,1016.9,57.9,103.2
2022-08-28,69.1,53.7,59.1,0,11,7.2,1017.5,37.4,153.6
2022-08-29,72.5,52.5,50.2,0,11.2,8.4,1017.7,68.1,91.7
2022-08-30,70.5,53.4,56.1,0.062,10.3,6,1018.2,68.1,109.6
2022-08-31,71.3,54.6,56.6,0,8.1,6.8,1018.5,38.5,73.8
2022-09-01,72.1,56.5,60.1,0,7.8,5.8,1015.8,75.1,57.3
2022-09-02,69.4,55.9,62.9,0.01,8,5.1,1011.9,90.4,69.2
2022-09-03,68.3,59.8,74.8,0.001,11.8,6,1011.1,90.3,55.8
2022-09-04,71.9,54.3,57.1,0,8.4,5.3,1016.1,57.7,80.3
2022-09-05,73.1,60,66.9,0.341,9.7,5.2,1016.6,77,49.6
2022-09-06,70.5,59.4,71.5,0.034,11.5,4.9,1014.6,60.4,77.2
2022-09-07,65.2,59.1,81.2,0.163,10.7,5.8,1013.2,89,30.7
2022-09-08,64.1,57.1,79.2,0.018,13.6,8.1,1010,89.8,73.8
2022-09-09,62.4,56.1,80,0.146,12.4,9.4,1011.5,86.2,45
2022-09-10,61.5,57.2,85.9,0.209,10,7,1016.5,88.2,46.8
2022-09-11,62.9,56.4,81.1,0.013,6.5,3.7,1019.1,54.5,56.8
2022-09-12,68.3,56.2,68.5,0.002,7.2,4.7,1013.2,43,72.8
2022-09-13,71.9,60.5,67.7,0.016,7.5,4.9,1008.1,93.7,46.8
2022-09-14,71.9,63,75,0.008,10.4,6.5,1005.1,91.7,58
2022-09-15,65.8,55.2,69.9,0.003,11.2,7.3,1010.5,84,58.3
2022-09-16,59.3,46.9,65,0.001,16.5,7.3,1015.6,86.3,58
2022-09-17,55.4,40.8,59.5,0,11.8,8.2,1021.2,31.5,83.7
2022-09-18,56.3,42.8,62,0,12.9,6.6,1021.5,28.5,66.3
2022-09-19,57.2,43.8,62.4,0,10.1,5.9,1023.2,39.9,49.9
2022-09-20,55.6,44.9,67.8,0,6.6,4.5,1025.3,70.2,51.9
2022-09-21,57.6,44.9,64.8,0,9.8,5.8,1025.2,32.2,69.4
2022-09-22,58.4,42.2,57.2,0,5.1,2.9,1021.5,46.3,56.2
2022-09-23,59.3,45.4,61.3,0,3.5,2.6,1016.7,94.2,46.8
2022-09-24,58.7,52.6,80.6,0.112,9.2,4.3,1013.4,98.2,34.8
2022-09-25,58.6,48,69.4,0.009,10,8,1016,76.1,42.9
2022-09-26,54.7,47.7,77.6,0.271,12.7,7.9,1007.7,96.3,24.9
2022-09-27,53.9,49.2,84,0.09,12.4,8.2,1004.1,93.2,41.9
2022-09-28,54.4,47.5,78.3,0.012,7.6,5.4,1000.7,93.8,42.2
2022-09-29,52.5,47.2,82.5,0.011,6,3.4,1003,86.2,43.7
2022-09-30,54,45,74,0.007,10.3,5.4,1011.5,41.6,43.6
2022-10-01,60.8,52.9,76.6,0.099,17.9,10.8,1012,85.9,64
2022-10-02,61,56.6,85.5,0.074,13.4,6.8,1021.1,93.7,46.2
2022-10-03,53.2,50.4,90.4,0.007,6.5,3.8,1027,85.1,39.5
2022-10-04,54.8,50.1,85.3,0.008,6.3,3.6,1022,67.6,50.4
2022-10-05,60.6,53.6,78.6,0.001,15.2,8.4,1019.7,78.5,57.3
2022-10-06,58,46.8,67.8,0.001,8.2,4.1,1030.3,34.6,56.8
2022-10-07,55.3,44,68.8,0.007,6,3.4,1024.7,25.8,50.3
2022-10-08,56.4,45.6,68.5,0,8.1,4.8,1023.6,37.7,52.9
2022-10-09,54.4,43.9,68.7,0,8.9,4.6,1020,14.7,45.4
2022-10-10,57.6,51.6,80.8,0,11.3,5.6,1016.7,80.6,32.3
2022-10-11,56,46,69.8,0,11.2,7,1024.9,56.8,45.9
2022-10-12,55.6,47.2,74,0,5.9,2.9,1023.4,58.9,34
2022-10-13,56.9,53.1,87.3,0.125,9.3,5.9,1019.1,99.2,21.5
2022-10-14,59.3,57.9,95,0.165,9.9,5.9,1012.5,99.4,17
2022-10-15,61.5,56.8,85.4,0.207,11.5,7.2,1009.4,95.1,29.9
2022-10-16,62.1,58,86.6,0.001,9.3,5.2,1013.7,88.9,33.3
2022-10-17,63.6,60.6,90,0.45,8.8,5.8,1020,95.3,13.6
2022-10-18,62.3,60.2,92.8,0.022,5.6,3.6,1026,91.8,22
2022-10-19,62.7,58.8,87.7,0.007,10.6,6.6,1019.1,62,35.8
2022-10-20,63.8,58.9,84.8,0.149,12.4,7,1010.5,83.6,34.9
2022-10-21,61.7,57,85.6,0.477,9.9,6.8,1008,89.1,27.6
2022-10-22,61.4,54.8,79.8,0.006,8.1,6.1,1012.9,68.3,34.5
2022-10-23,64.3,55.7,75,0,15.4,8.5,1007,77.2,33.7
2022-10-24,61.7,53.9,75.9,0.002,15.2,11.5,1010.1,59.5,29
2022-10-25,59.9,54.6,83,0,9.5,6.5,1015.4,78.4,19.8
2022-10-26,62.9,56.2,79.4,0.007,8.8,5.9,1016.3,72.1,28
2022-10-27,63.1,55.8,78.1,0.006,9.4,6.8,1018.8,76,30.6
2022-10-28,65,57.2,76.1,0,8.6,6,1019.1,74.7,23.8
2022-10-29,65.4,56.2,73.7,0.001,9.4,5.7,1017.8,86.2,31.4
2022-10-30,59.8,52.9,78.5,0.001,7.3,3.9,1018.4,89.4,23.4
2022-10-31,60.5,55.2,83.7,0.023,12.7,6.5,1015,89,20.4
2022-11-01,57.8,48.3,71,0,16.5,11.5,1017.3,61.3,22.5
2022-11-02,54.4,47.5,77.8,0.01,12.9,7.4,1021.7,60.5,20.5
2022-11-03,53.2,48.4,84,0.101,12.1,8.7,1008.3,80.7,12.8
2022-11-04,50.6,45,81.4,0.061,13.1,8.7,1009,81.2,21.7
2022-11-05,47.9,43.4,84.8,0.001,11,6.1,1019.8,89,20
2022-11-06,49.9,46.8,88.9,0.321,10.3,8.4,1012.7,97.1,8.9
2022-11-07,55.9,51.3,84.7,0.004,12.2,9.4,1013,87.9,23
2022-11-08,55.9,48.7,77.1,0.006,14,10.1,1007.7,85,21.8
2022-11-09,54.1,48.8,82.8,0.016,11.8,7.2,1013.2,65.5,21.7
2022-11-10,48.4,46,91.5,0.002,9.4,6.1,1026.7,61.1,12.7
2022-11-11,50,46.3,87.3,0,9.7,5.8,1030.8,86.3,26.3
2022-11-12,50.7,48.1,91.4,0.014,4.8,3.3,1028.8,50,20.1
2022-11-13,49.7,47,91.1,0.006,6.8,3.6,1020.8,53.5,20.2
2022-11-14,48.1,46.2,93.2,0,8.7,5.4,1012.4,94.7,18.9
2022-11-15,51.3,49.1,92.4,0.125,10.2,8,1004.6,91,9.9
2022-11-16,51.5,48.6,90.1,0.247,18.3,11.1,997.2,85.8,14.8
2022-11-17,53.5,46.4,77.2,0.088,18.1,11.5,992.2,90.7,12
2022-11-18,48.9,43.5,82,0.009,12.4,7.8,1004.6,65.8,13.5
2022-11-19,46.5,41.5,82.9,0.006,9.2,5.8,1012.7,79.5,15
2022-11-20,45.3,41,84.9,0.041,13.4,7.6,1013,78.1,16.3
2022-11-21,44.6,42.1,90.9,0.101,14.2,8.3,1001.8,76.6,7.5
2022-11-22,46.3,40.1,79.4,0.023,16,10.9,996.8,87.7,11.3
2022-11-23,46.9,43.1,86.8,0.177,12.6,9,1000.6,74.6,14.6
2022-11-24,49.8,45.1,84.1,0.007,14.2,9.4,1011.1,78.8,11.7
2022-11-25,48.9,45.1,87.1,0.023,10.7,5.5,1019.1,58.7,14.3
2022-11-26,43.6,42.1,94.4,0.006,10.1,5.9,1029.4,89.6,12.8
2022-11-27,45.6,41.5,85.8,0.027,10.4,7.7,1019.1,99.6,8.4
2022-11-28,48,45.2,90,0.165,9.3,5,1012.5,89.7,16.9
2022-11-29,45.5,42.2,88.3,0,4.7,3.4,1019,94.9,10.6
2022-11-30,43.6,40.2,88,0,9.4,5.8,1024,97.6,11.5
2022-12-01,41.8,37.8,85.6,0,12.2,9.6,1025.9,93.4,10.9
2022-12-02,40.4,36.5,85.9,0.067,13,8.4,1021.5,98.6,5.5
2022-12-03,38,33.9,85,0.008,12.7,10.1,1016.5,100,6.2
2022-12-04,37.9,33.5,84,0.015,10.6,8,1013.7,100,8.3
2022-12-05,36.4,33.9,90.4,0.071,7.6,4.4,1019.9,99.2,6.2
2022-12-06,38.2,36.1,91.9,0,7.9,4.6,1021.6,89.3,4.1
2022-12-07,38.7,35.6,88.9,0,6.4,3.5,1020.1,87.7,14.3
2022-12-08,37.5,34.2,87.9,0,5.4,3.6,1011.6,97.2,9.5
2022-12-09,35.6,32,86.4,0,7.6,5.7,1007,84.4,16.3
2022-12-10,34.8,30.9,85.9,0,7.5,4.9,1011.9,86,12.9
2022-12-11,29.4,26.7,89.6,0,9.4,6.6,1011.5,85.9,18.7
2022-12-12,29.2,25.1,84.8,0,11.2,6.4,1010.3,92.6,14.9
2022-12-13,30.2,21.3,69.8,0,9.3,6.6,1005.6,82.6,14
2022-12-14,33.1,26.3,76.1,0.007,7.6,5,1002.6,96.6,13.7
2022-12-15,31.6,23.2,71.4,0,12,7.9,1007.4,67.9,12.8
2022-12-16,31.2,27.3,85.3,0,9,6.2,1015.8,46.1,12
2022-12-17,28.8,25.4,86.9,0,7.7,4.9,1025.2,77.4,13.3
2022-12-18,28.7,25.1,86.2,0.081,10,7.2,1023.2,83,11
2022-12-19,47.6,41.6,80.3,0.028,11.5,9,1018.3,96.6,9
2022-12-20,52.1,47.2,83.5,0.205,10.6,8.8,1013.2,98.4,7.3
2022-12-21,50.8,48.7,92.6,0.284,13.6,8.9,1011.9,94.2,9.7
2022-12-22,54.3,51,88.7,0.288,16.7,11.9,1008.3,99.6,7.4
2022-12-23,56.3,52.4,86.9,0.125,13.3,9.5,1008.9,97.3,8.3
2022-12-24,51.4,48.3,89,0.025,9,7,1015.3,98.2,8
2022-12-25,52.8,49.4,88.5,0.002,12,7.7,1012.5,97.6,9.5
2022-12-26,49.9,44,80.2,0.05,13.2,8.6,1019.9,74.3,10.9
2022-12-27,43.3,38.5,83.5,0,11,6.7,1027.5,74.2,8.3
2022-12-28,50.3,46.1,85.6,0.054,17.8,13.1,1014.9,99.5,8.3
2022-12-29,50.2,43.9,79.3,0.205,18.6,10.9,1010.1,74.6,14.5
2022-12-30,50.1,48,92.5,0.078,17.9,12.7,1008.3,94.3,5.6
2022-12-31,59.3,49,69.6,0.01,18.2,15.4,1011.8,91.6,13.4
2023-01-01,55.5,47.2,74.5,0.04,15.9,10.1,1015,96.4,5.9
2023-01-02,51.3,46.7,84.7,0.134,12.1,7.6,1020.1,75.3,10
2023-01-03,45.7,43.6,92.4,0.023,13.4,8.1,1028.4,85.4,12.3
2023-01-04,53.1,50.3,90.4,0.039,15.6,12.8,1024.5,100,6.3
2023-01-05,54.6,50.1,84.9,0.015,12.6,7.4,1025,97.7,9.3
2023-01-06,52.5,47.6,83.5,0,11.5,8.6,1021.7,96.8,9.8
2023-01-07,49.9,43.5,78.8,0.039,16,11.2,1011.8,92.7,12
2023-01-08,49,44.1,83.1,0.025,15.1,11.3,1002.2,89.9,11
2023-01-09,44.8,38.5,78.4,0.136,16.6,11.7,1006.7,72.3,10.5
2023-01-10,44.6,42,90.8,0.073,12.7,9.3,1018.9,83.4,7.8
2023-01-11,51.5,45.7,81.1,0.125,14.4,11.4,1016.9,89.6,11.4
2023-01-12,51.1,46.5,84,0.025,16.2,13.6,1015.9,98.3,11.6
2023-01-13,48.9,41.9,77.1,0.102,15.8,10.4,1016.6,82.3,12.5
2023-01-14,50.3,47.4,89.8,0.335,19.5,13.4,1010.9,99.4,5.8
2023-01-15,44.9,37.7,76.2,0.093,20.3,12.9,1007.5,82.4,11
2023-01-16,41.8,37.4,84.4,0.249,21.1,14.3,987.5,92.1,12.8
2023-01-17,36.3,33.8,90.6,0.024,10.9,6.7,987.8,91.4,5.9
2023-01-18,36,29.5,77.3,0.002,10.2,6.5,999.7,78.2,10.3
2023-01-19,34.5,32.6,92.5,0.036,7.5,5.1,1009,97.7,10.7
2023-01-20,37.1,32.8,84.7,0.005,9.3,6.9,1018.5,84.4,18.8
2023-01-21,35.9,29.2,76.5,0.006,15,11.7,1027.9,65.2,21.5
2023-01-22,33.4,26.9,76.6,0,15.5,10.7,1032.7,96.2,11.7
2023-01-23,35.7,29.9,79.2,0,12,9.6,1034.1,99.4,8.2
2023-01-24,36.4,31.2,81.5,0.006,11.7,8.9,1035.9,99.7,7
2023-01-25,33.8,30.9,88.8,0,9.4,6.2,1033.3,100,4.8
2023-01-26,36.4,34.2,91.8,0.015,11.1,5.6,1025.3,98.4,7
2023-01-27,40.6,34.1,77.6,0.001,12.8,10.7,1025.3,99.7,7.2
2023-01-28,37.6,29.9,73.6,0,13,10,1029.7,97.3,9.3
2023-01-29,35.6,28.3,75.2,0,8.1,4.6,1030.6,71.7,19.6
2023-01-30,42.3,37.9,84.7,0.007,9.8,6.8,1027.3,88.3,15.5
2023-01-31,41.4,36.7,83.9,0.006,12.3,6,1029.5,76.9,23.6
2023-02-01,46.6,37.8,71.5,0,11.6,8.6,1028.9,93,22
2023-02-02,46.2,38.7,75.3,0,11,7.7,1031.8,85.6,15.1
2023-02-03,47.9,41.9,79.6,0,10.3,7.4,1035,96.8,15.6
2023-02-04,48.7,44.7,86,0.034,9.3,6,1038.1,97.7,8.9
2023-02-05,45.6,36.5,70.9,0.001,16,9.7,1041.5,78.7,22.8
2023-02-06,39.9,32.9,76.7,0.006,10.9,8.9,1040,32.7,30.2
2023-02-07,37.4,28.4,70.6,0.011,11.7,7.8,1036.9,11.6,25.8
2023-02-08,35.8,23,61.1,0,6.4,4.4,1035,12.3,26.8
2023-02-09,35.7,24.8,65.8,0,5.7,3,1034.4,45.6,22.8
2023-02-10,43.2,36.1,76.1,0,6.1,4.2,1039.2,95.2,25.8
2023-02-11,43.2,38.6,84.3,0,6.7,3.7,1038.2,76.9,22.3
2023-02-12,45.3,39.8,81.1,0,8,5.8,1037.1,73.6,15
2023-02-13,43.6,37.3,79.7,0,5.6,3.6,1034.9,18,29.4
2023-02-14,43.8,36.3,76.7,0,4.5,3,1032.2,22.7,31
2023-02-15,44.1,37.4,78.4,0,5.2,3.5,1027.2,44.6,33
2023-02-16,48.1,41,77.1,0,10.8,6.9,1026.5,81.9,33.5
2023-02-17,54.9,50.1,84.2,0,11.9,7.6,1027.7,97.8,20.7
2023-02-18,52.8,44.4,73.3,0,11.7,9.1,1028.1,97.4,17.5
2023-02-19,51.1,42.4,72.4,0,9.8,7.2,1028.8,81.5,41.8
2023-02-20,45.6,39.6,80.4,0,6.9,3.5,1028,28.8,35.5
2023-02-21,48,39.8,75.3,0.001,4.5,3.1,1019.4,57.7,32.3
2023-02-22,48.3,43.9,84.9,0.009,8.5,5.7,1013.7,96.5,10.2
2023-02-23,47.3,41.8,81.4,0,10.5,6.8,1015.1,97.3,23
2023-02-24,46.7,38.2,72.9,0,11.3,8.8,1011.5,90,29
2023-02-25,42.9,33.1,69.3,0,13.6,10.2,1012.8,80.9,25.5
2023-02-26,36.8,21.8,55.2,0,20,14.1,1020.7,21.1,40
2023-02-27,37,20.1,51.7,0,17,13.6,1025.6,7.4,45.5
2023-02-28,36.1,21.3,55.9,0,13.8,9.9,1027.9,44.7,39.4
2023-03-01,37.1,23.1,57,0,13.4,9.5,1024.6,28.8,43.7
2023-03-02,39.3,26.9,61.4,0,9.6,7.6,1020.9,14.8,43
2023-03-03,39.2,31,73.8,0,11.5,8.1,1023.6,28.5,51.7
2023-03-04,39.1,31.2,73.4,0,9.5,7.9,1026.9,67.5,18.3
2023-03-05,42.4,34.1,72.7,0,6.5,4.3,1019.3,99,16.2
2023-03-06,42.1,32.2,68.4,0,8.4,7,1009.6,99.1,23.1
2023-03-07,44.1,32.9,65.4,0.022,13.5,9,1003.5,98.5,36
2023-03-08,49.9,46.8,89.4,0.979,14.6,11.2,993.7,96.4,29.1
2023-03-09,53.1,47.6,81.8,0.106,14.7,12.4,997.7,94,34.6
2023-03-10,46.3,39.8,78.3,0.162,22.2,14.3,999.1,98.5,20.5
2023-03-11,42.7,34.5,73.4,0.015,7.4,5.9,1010.8,97.4,34.5
2023-03-12,52.3,45.7,79.4,0.022,14.1,9.2,1012.7,90.3,42.9
2023-03-13,56.1,50.2,80.7,0.006,16.3,13.7,1002.2,94.4,30.8
2023-03-14,47.8,39.6,73.8,0.08,20.9,13.1,1005,84.8,35.6
2023-03-15,44.3,34.2,69.7,0,6.9,4.5,1018.7,67.8,37.1
2023-03-16,51.7,34.5,52.8,0,11.3,7.7,1012.4,87.6,52
2023-03-17,54.4,43.7,68.1,0.102,14.3,7.6,1008,93.5,39.9
2023-03-18,54.2,47.3,78.9,0.039,14.6,9.6,1010.4,83.8,40.7
2023-03-19,50.2,42.5,75.7,0.084,10.4,7.1,1016.8,80.6,39.2
2023-03-20,49,39.8,71.3,0,9.2,5.2,1021.5,84.8,44.4
2023-03-21,53.9,45.1,72.4,0.001,11.7,7.7,1015.7,85.1,46.5
2023-03-22,53.3,47.1,79.7,0.038,16.4,11.9,1010.4,87.2,34.4
2023-03-23,56.7,47.8,72.8,0.009,17.3,13.2,1006.7,97.8,47.7
2023-03-24,54.8,45.3,70.6,0.099,18.6,12.9,1006.6,85.4,79.2
2023-03-25,52.2,41.5,68,0.007,17.2,12.4,1011.9,87.5,70
2023-03-26,49.8,41.8,74.1,0.141,18.4,11.9,1006.3,93.6,66.7
2023-03-27,45.9,31.8,58.7,0,15.5,9,1024,88.3,43.5
2023-03-28,45.3,31.5,58.8,0,12.8,7.5,1024.5,92.3,37.7
2023-03-29,58.3,44,60.7,0.001,11.4,8,1015.3,93.8,56
2023-03-30,59.1,47.3,65.3,0.027,17.6,11.8,1011.6,91.6,54.5
2023-03-31,54.7,45.8,72.6,0.163,22.3,15.8,1001.9,95.1,54
2023-04-01,52.6,43.6,72.5,0.051,16.9,13.4,1006.5,94.9,50.3
2023-04-02,46.9,41.9,82.6,0.022,14.6,12.4,1019.9,98.7,15.4
2023-04-03,46.9,34.5,63.7,0,13.6,9.7,1026.4,59.3,92.2
2023-04-04,45.5,28.1,51.6,0,11.3,7.9,1025.7,10.5,87.8
2023-04-05,48.2,27.7,48.3,0,5.9,3.8,1022.4,39.7,95
2023-04-06,52.6,39.2,61,0.015,10.8,6.7,1017.9,91.2,50
2023-04-07,50.8,40.1,68.2,0.001,10.9,7.5,1019.4,54.1,65.9
2023-04-08,49.9,39,67.7,0,10.8,7,1024.3,14.7,122.4
2023-04-09,53.5,40.3,63.3,0,7.1,4.3,1022.6,67,106.5
2023-04-10,54.6,44.8,70.5,0.225,12.8,7.8,1017.3,96.6,37.5
2023-04-11,50.8,43.6,77.2,0.182,11,8.8,1016.4,94.9,64.8
2023-04-12,49.8,42,76.5,0.41,16.7,11.9,1003.1,87.8,67.9
2023-04-13,49,37.4,65.5,0.03,14.9,10.1,1006.9,84.6,84
2023-04-14,45,41.3,87.2,0.105,13.5,7.3,1007.2,93.8,32.1
2023-04-15,50.2,44.8,82.6,0.387,14.3,9.6,1012.9,88.6,68.5
2023-04-16,51,38,62.8,0,13.9,8.9,1025.5,61.1,89.4
2023-04-17,49,41.2,74.5,0,11.8,8,1025.3,76.7,33.7
2023-04-18,52.7,42.9,71.1,0.007,13,9.4,1021.8,76.4,50.3
2023-04-19,56.5,44,64.1,0,13.6,8.5,1019.8,56.1,90.8
2023-04-20,49.4,33.4,54.4,0,14.6,10.1,1015.8,58.1,58.9
2023-04-21,48.2,36,65.2,0,7.3,3.8,1010.5,74.6,133.8
2023-04-22,52.8,44.3,74.2,0.273,12.2,6.5,1007.1,89.1,77.7
2023-04-23,52.5,47.3,82.7,0.224,15.9,8.9,1005.8,76.4,57.8
2023-04-24,50.9,42.6,74,0.038,13.6,8.2,1011,89.5,71.6
2023-04-25,48.2,40.5,75.8,0.013,12,6,1015.7,91.1,48.2
2023-04-26,49.9,38.9,66.7,0.008,5.8,4,1017.9,95,54.4
2023-04-27,57.7,46.7,68,0.024,7.2,5.2,1016.4,93.3,51.1
2023-04-28,63.2,55.7,78.6,0.256,10.4,7.9,1013.8,94,88.2
2023-04-29,54.7,47.7,78.1,0,9.5,6.7,1019.5,87.4,76.6
2023-04-30,56.1,44.6,66.6,0,7.2,4.6,1020.3,91.1,48.3
2023-05-01,55.4,47.4,74.7,0.117,10.7,6.6,1018.7,75,73.3
2023-05-02,56.7,47.9,73.7,0.006,9.8,6.2,1024.5,40.6,108.4
2023-05-03,59.4,43.4,56.7,0,11,8,1022.9,29,126.8
2023-05-04,64.1,49.2,59,0,11.5,8.1,1015.8,71.8,94.2
2023-05-05,61.2,52.2,73.6,0.027,11.9,6.8,1017.7,83.5,109.5
2023-05-06,61.2,54,78.8,0.002,7.1,4.1,1016.2,93.9,57.3
2023-05-07,60.1,57.1,90.1,1.108,8.3,4.2,1017.5,96.6,63.8
2023-05-08,59.2,53.1,81.1,0.001,6.6,4.2,1022.1,93.6,55.3
2023-05-09,58.2,54,86.1,0.42,8.3,5.9,1014.6,96.8,50.8
2023-05-10,55.9,48.7,77.8,0.219,10.5,7.8,1014.7,91.4,100.3
2023-05-11,56,47.2,72.8,0.002,6.8,5,1016.8,96.1,53.3
2023-05-12,54,46.9,77,0.031,11.3,7,1017.7,93.1,34.5
2023-05-13,59.8,50.9,74.2,0.01,14.1,9.3,1020.1,79.4,108
2023-05-14,56.9,49,76.7,0,9.1,7.5,1019.6,84.4,120.2
2023-05-15,54.1,48.8,82.4,0.091,14.5,7.4,1018,93.5,48.7
2023-05-16,53.4,41,65,0,14.5,10.9,1022.9,66.7,112.9
2023-05-17,56.1,42.5,61.9,0,13.8,9.5,1026.5,55.1,96.6
2023-05-18,56,40.7,58.1,0,12.6,9.5,1025.5,61.6,141.8
2023-05-19,58.6,42.4,56.8,0,12.6,8.9,1023.4,35.6,111.9
2023-05-20,61.6,46.9,59.7,0,14.5,10.6,1018.9,72,56.5
2023-05-21,63.4,51.6,66.2,0,13.3,9.9,1016.3,88.5,98.5
2023-05-22,62.3,52.7,71.3,0,12.5,8.2,1017.5,85,75.8
2023-05-23,59.1,50.4,73.9,0,13.5,11.1,1022.1,90.7,86.3
2023-05-24,57.6,42.6,59.2,0,14.1,10.7,1023.7,51.3,94.7
2023-05-25,62,45.5,56.3,0,16.1,10.6,1024.2,27.1,138.3
2023-05-26,63,48.6,61,0,11.1,9.3,1025.6,11.7,149.3
2023-05-27,65.5,48.4,54.7,0,11.4,8.4,1021.9,44.3,105.1
2023-05-28,68.8,49.8,52.9,0,13,9.2,1017.7,11.9,143.3
2023-05-29,66.2,51.9,61,0,15.3,11.9,1019.7,23.7,136.3
2023-05-30,63.5,44.8,52.2,0,14,11.9,1022.2,46.3,141.1
2023-05-31,67.2,50.3,57.7,0,12.5,10.7,1020,32.8,142.9
2023-06-01,69.3,53,58.1,0,14.4,10.1,1018.7,25.5,145.8
2023-06-02,60.5,47,62.8,0,14.5,11.7,1019.3,33.2,154.5
2023-06-03,65.4,47.8,55.7,0,10.7,8.6,1017.7,13.7,147.5
2023-06-04,69.1,43.8,42,0,12.7,9.6,1018,12,147.9
2023-06-05,68.4,48.5,51.7,0,12.3,9.6,1018.4,22.5,133
2023-06-06,67.3,50.5,58.6,0,13.3,9.4,1017.8,35.7,144.5
2023-06-07,70.3,52.6,56.9,0,10.5,8.6,1016.5,39.5,83.2
2023-06-08,72,53,53.4,0,10.8,7.2,1013.7,28.8,119.5
2023-06-09,76.3,54.9,49.7,0,11.6,6.9,1009.5,55.5,128.3
2023-06-10,74.9,59.8,60.3,0.005,11.2,6.2,1011.3,68.1,80.9
2023-06-11,72.5,63.7,74.2,0.266,13,5.2,1013.8,94.7,102.3
2023-06-12,70.8,62.6,76.4,0.007,8.2,5.8,1013.8,80.3,111.3
2023-06-13,75.2,54.4,53.6,0,11.9,6.9,1010.6,24.9,151.5
2023-06-14,75.2,47.7,40.2,0,9.2,5.4,1013.6,21.2,153.8
2023-06-15,74.4,49.7,43.3,0,8.3,5.5,1017.3,35.9,148.3
2023-06-16,75.4,48.1,40,0,7.4,4.6,1017.4,32.4,103.5
2023-06-17,76.5,55.3,48.4,0.001,9,5.5,1013.9,86.4,100.4
2023-06-18,72.7,61.7,70.7,0.553,11.1,6.6,1010.4,92,77.9
2023-06-19,68.8,62.2,80.8,0.012,6.4,4.1,1012.4,88.2,53.3
2023-06-20,71.9,63,74.9,0.006,10.7,7.7,1010.7,82.7,82.5
2023-06-21,73.1,60.3,66,0.001,8.4,4.5,1016.2,61.9,48.6
2023-06-22,69,59.9,73.9,0.564,12.7,8.2,1017.4,84.6,83
2023-06-23,71.9,55.6,60,0.001,10.5,4.6,1024.5,54.4,144.3
2023-06-24,75.3,56.8,54.5,0,11.4,5.3,1023.7,23.5,152.2
2023-06-25,80.2,57,48,0,13.1,6,1016.4,11.3,149.6
2023-06-26,68.6,52,57.3,0,11.5,8.6,1021.2,72.2,118
2023-06-27,68.1,49.9,53.3,0,10.8,5.8,1022.5,74,141.3
2023-06-28,70.6,54.4,57.1,0,7.8,4.3,1019.3,66.7,62
2023-06-29,70.9,59.7,68.1,0.001,12.5,6.2,1015.8,95.5,60.1
2023-06-30,67.6,51.6,59.5,0,11.7,7.8,1015.6,81.4,195.9
2023-07-01,67.1,56.7,71.2,0.049,13.9,9.5,1010.6,93.4,78.6
2023-07-02,66.1,50.4,59.2,0,10.8,8.3,1014.4,77,136.4
2023-07-03,67.9,50.3,54.9,0,11.6,7.8,1015.2,71.2,150.7
2023-07-04,65.8,53.7,66.2,0.52,11.6,6.1,1014,85,63.2
2023-07-05,62.4,50.9,68.1,0.064,16.3,9.2,1015.4,80.4,92
2023-07-06,68.3,49.6,55,0,7.7,3.6,1017.6,38.8,177
2023-07-07,75.2,53.5,47.8,0,12,6.1,1015.6,39.6,259.6
2023-07-08,80.7,59.4,49.6,0,10.7,6.2,1015,57.3,305.4
2023-07-09,75.4,62.9,65.8,0.007,9.2,6.3,1018.9,71,208
2023-07-10,74.5,54.5,53.3,0,9.1,5.2,1021.4,35.9,214.1
2023-07-11,77.2,55.8,49.1,0,10.5,6.6,1013.8,36.1,304.8
2023-07-12,70.1,52.9,56.8,0,9.4,7.2,1015,79.3,268
2023-07-13,68.1,51.2,55.6,0,10.2,6.6,1019.4,79,66.5
2023-07-14,74.8,52,48.1,0,14.8,8.3,1012.8,70.7,143.5
2023-07-15,72.8,57.2,59.5,0.109,15.8,11.3,1007.6,79.1,83
2023-07-16,68.4,50.2,54,0,14.5,9.8,1015.5,59,119.1
2023-07-17,67.7,49.8,55.4,0,8.9,5.7,1020.6,39.9,133.2
2023-07-18,72.6,50.1,47.1,0,8.5,4.8,1018.2,42.9,119
2023-07-19,69.8,52.5,54.7,0,11,8.3,1017,65.9,115.4
2023-07-20,68.8,52,58.1,0,9.9,4.5,1016,64.8,84.7
2023-07-21,67.7,49.9,54.6,0.003,8.9,6.3,1014.4,82.8,90.8
2023-07-22,67.9,47.5,49.5,0,12.2,7.8,1015.6,63.6,111
2023-07-23,68.9,56.7,65.8,0.018,12.8,10.5,1010.6,84.9,73.1
2023-07-24,67.3,57.8,72.7,0.075,14,8.5,1006.7,92.9,53.3
2023-07-25,62.3,54.8,77.9,0.646,11.6,6.4,1009.6,93.4,65.7
2023-07-26,64.3,51,63.9,0.001,11.2,6.1,1015.3,58.4,99.8
2023-07-27,67.1,59.5,76.8,0.152,15.3,9.3,1010.3,98.4,45.3
2023-07-28,68.6,65.4,89.7,1.692,8.6,6.3,1009.3,94.2,59.2
2023-07-29,69,62.1,79.2,0.069,12,6.8,1010.3,89.5,87.7
2023-07-30,66.8,54.2,65.3,0.006,12,8.6,1016.4,89,111.9
2023-07-31,65.8,58.6,77.8,0.148,15.6,9.8,1012.7,99,32.9
2023-08-01,66.2,57.8,75.6,0.335,14.7,11,1006.4,92.8,75
2023-08-02,67.8,59.2,76,1.109,21.1,14.8,997.8,92.4,43.9
2023-08-03,62.7,57.7,83.9,0.129,14.2,9.4,1005.3,98.3,53.5
2023-08-04,63.5,56,77.6,0.043,12.4,6.2,1016.3,88.7,106
2023-08-05,60.8,54.3,79.7,0.023,18.7,9.2,1013.9,85.1,69.3
2023-08-06,61.4,50.4,69,0.012,14.8,10.9,1016,83.4,73.4
2023-08-07,63.1,51.2,67.3,0,9.3,6.4,1021,77.7,75.6
2023-08-08,66.8,52.2,60.9,0,9.7,5.6,1018.1,91.6,63.2
2023-08-09,67.7,56.8,69.1,0,8.1,4.3,1018.4,84.1,100
2023-08-10,71.4,58.7,65.7,0,8.7,4.2,1019.8,49.7,118.4
2023-08-11,71.3,63.4,77,0.078,9.4,5,1020.4,68.9,39.2
2023-08-12,70.4,61.2,75.8,0.486,11,6.2,1018.4,90.2,108
2023-08-13,68.4,55.4,64.5,0,9.7,5.2,1017.8,81.1,106.4
2023-08-14,70.1,59.5,70.5,0.003,11.9,5.7,1013.9,80.4,67
2023-08-15,70.1,60.7,73.3,0.011,6.1,4.1,1016.6,85.1,55.6
2023-08-16,71.8,59.3,65.6,0,7.9,6.1,1018.6,85.4,92.3
2023-08-17,74.3,62.4,67.7,0,8.8,6.5,1016.7,48.6,100.5
2023-08-18,76.8,67.5,74,0,7.9,5,1012.9,77.1,77.2
2023-08-19,75.7,66.2,72.8,0.063,9.5,5.8,1015.9,78.6,105.8
2023-08-20,76,62.3,64.8,0,11,5.1,1021.4,59.6,57.1
2023-08-21,73.8,57.8,58.6,0,9.7,5.6,1023.3,39.2,96.8
2023-08-22,76.3,59.1,56.5,0,6,4.4,1020.5,55.2,85.8
2023-08-23,76.6,61.5,60.9,0,10,5.4,1019,64.1,67
2023-08-24,75,64.9,71.3,0.026,13.9,6.2,1012.7,78.8,62.9
2023-08-25,69.2,62.2,79.1,0,9.3,6,1010.6,89,24.5
2023-08-26,64.1,52.9,67.6,0.015,10.6,6.5,1012.6,74.1,87.9
2023-08-27,61.6,53,74.5,0.005,9.8,6.2,1012.8,80.4,63
2023-08-28,61.8,53,74.1,0,11.8,5.8,1014.2,92.2,94.6
2023-08-29,62.5,52,69.7,0,8.2,5.2,1013.6,78,48.2
2023-08-30,62,50.2,67.2,0.001,11.8,6.5,1010.7,90.9,53.3
2023-08-31,61.5,55.1,80,0.029,8.6,5.4,1012.9,98.4,43.3
2023-09-01,67.4,60.5,79.2,0.022,9.6,7.1,1013.7,96.8,55.8
2023-09-02,72.3,61.5,71.3,0,9.7,5.1,1017.8,67.1,37.4
2023-09-03,76.2,63.1,66,0,9.6,6.4,1023.9,77.3,80.8
2023-09-04,75.6,61.1,63.1,0,12.3,7.8,1020.6,74.5,87.4
2023-09-05,78.2,58,53,0,7.4,4.6,1015.8,38.9,83
2023-09-06,79.2,61.8,57.1,0,8.3,4.1,1017.2,20.3,83.3
2023-09-07,76.9,58.8,55.7,0,4.7,3.3,1016.1,4.1,80
2023-09-08,80.7,61.5,54.8,0,5.6,3.6,1016.1,36.4,66
2023-09-09,81.9,60.6,51,0,8.3,4.9,1015.6,36.3,74.5
2023-09-10,81.2,58.6,47.9,0,8.2,5,1015.4,38.2,61.8
2023-09-11,74.8,62.3,65.6,0,10.1,6.2,1014,78.7,78.4
2023-09-12,66.7,62.4,86.3,0.472,7.5,4.8,1014.4,92.4,20.3
2023-09-13,66.3,61.1,84,0.021,5.4,3.5,1018.9,89.5,114.5
2023-09-14,67,59.1,77.5,0.003,4.8,3.1,1020.5,80.2,144.3
2023-09-15,69.3,55.7,64.3,0,7.3,4.4,1015,53,186.6
2023-09-16,69.5,58.7,69.3,0,5.7,3.6,1011.3,89.8,43.6
2023-09-17,70.2,62.8,78.3,0.234,15.8,4.9,1010.6,90.3,49.8
2023-09-18,66.8,60.2,80.9,0.018,15.5,8.8,1008.1,86.6,31.5
2023-09-19,62.9,53.4,72,0.164,13.9,9.2,1014.6,91.3,34
2023-09-20,67.9,57.7,71.6,0,16.8,9.9,1008.3,89.8,44.3
2023-09-21,62.4,58.1,86.2,0.485,13.1,8.9,999.2,92.5,29.2
2023-09-22,57,50.6,79.8,0.176,12.5,8.8,1003.9,77.5,59.6
2023-09-23,56.7,48,73.7,0.003,7.1,5.3,1017.5,73.4,50.1
2023-09-24,57.8,47.4,71.4,0.002,10.6,5.8,1023.6,22.5,57.6
2023-09-25,61.9,52.6,72.9,0,6.3,3.8,1021.6,72.3,26.5
2023-09-26,66.1,55,69.4,0,8,4.1,1019.8,71.5,53
2023-09-27,67.6,57.1,70.9,0.001,9.8,5.3,1017.4,85.9,32.7
2023-09-28,67.4,55.5,66.8,0,8.8,5.4,1017.6,89.7,39.4
2023-09-29,66.5,56.5,71.1,0,12.2,8.3,1020.4,83.9,50.1
2023-09-30,61.3,53,75.1,0,4.7,3.1,1026.5,52.2,55.6
2023-10-01,66,56.7,74.3,0.006,7,4.4,1023.7,46.5,39.8
2023-10-02,69.2,58.5,71,0,7.5,5.1,1018.8,48.6,51.3
2023-10-03,65.9,55.5,69.9,0.015,14.2,8.3,1020.5,71.8,54.5
2023-10-04,57.6,48.8,73.2,0,7.7,3.9,1029.8,62,58.9
2023-10-05,58.4,49,72.1,0.001,4.2,2.7,1027.3,82.3,41.7
2023-10-06,58.4,47.9,71.2,0.001,4.6,3.2,1026.9,61.3,48
2023-10-07,62.1,50.9,68.6,0,5.8,3.8,1026.8,14.8,43.5
2023-10-08,65.3,54,69.7,0,5.8,2.9,1025.9,25.7,42.5
2023-10-09,66,52.6,65.8,0,4.4,2.9,1023.4,66.8,37.8
2023-10-10,66,51.9,63.5,0,8.2,4.2,1021.1,64.7,49
2023-10-11,66,50.4,58.9,0,9.6,6,1017.6,53.4,35.2
2023-10-12,66.1,58,75.4,0.149,8.4,5.6,1016,94.4,32.4
2023-10-13,69.3,58.4,70,0.012,18.7,10.9,1010.1,92.5,28
2023-10-14,57.3,48.1,71.6,0.044,17.4,8.8,1016.9,86.7,32.8
2023-10-15,50.9,39.7,67.4,0,9.6,5.8,1024.3,74.9,31
2023-10-16,48.2,35.7,62.7,0,14,8.5,1020,77.2,52.3
2023-10-17,51.1,40.9,68.6,0,9.6,7,1012.5,79.6,23.5
2023-10-18,58.4,53,82.4,0.194,15.1,8.6,999.6,91.8,12.4
2023-10-19,63.5,57.6,81.8,0.032,13.8,9.1,989.6,90.6,24.1
2023-10-20,59.4,56.1,89.1,0.289,10.4,6,980.4,96,37
2023-10-21,56.2,50.8,82.7,0.091,21.5,14.3,992.9,98.1,17.5
2023-10-22,55.2,49.9,83.1,0.027,12.5,7.6,1008,83.6,19
2023-10-23,51,48.7,91.8,0.252,8.7,5.3,1007.7,88.5,7.3
2023-10-24,55.2,50.1,83.8,0.05,10.6,6.7,1004.9,82,32.5
2023-10-25,55.4,51.8,87.8,0.265,14.4,8.4,996.5,95.7,23.3
2023-10-26,55.2,51.9,89.1,0.689,10.2,6.6,995.8,96.9,23.6
2023-10-27,54,50.6,88.7,0.13,10.7,7.8,995.3,93.1,20.5
2023-10-28,54.5,51,88.2,0.11,15.4,11.2,996.5,99,13.1
2023-10-29,56.3,50.7,82.4,0.301,16.8,11.5,996.2,82.7,21
2023-10-30,52.5,50.8,93.7,0.235,8.8,5.2,999.1,90.9,9.5
2023-10-31,53.5,49.7,87.3,0.008,11.7,7.7,1005.5,90.5,23.2
2023-11-01,54.3,50.2,86,0.03,15.9,11.1,1001.2,87.9,18.6
2023-11-02,53,44.2,72.6,0.31,23.1,18.3,981.9,91.1,18.8
2023-11-03,46.7,42.3,84.9,0.007,10.9,8.3,989.6,79.7,17
2023-11-04,50.7,46.5,86,0.276,17.3,13.1,979.7,92.8,13
2023-11-05,52.4,46.3,80.2,0.157,17,12.4,985.5,81.9,12.3
2023-11-06,50.6,45.6,83.4,0.016,13.5,9.4,1005.1,86.3,23.7
2023-11-07,49.5,43.4,80.3,0.005,12.3,8.3,1014.1,72.6,23.2
2023-11-08,49.5,45.4,86.2,0.041,15,11,1014,93.9,16.9
2023-11-09,49.6,45.9,87,0.051,12.8,9.4,1004.8,92.5,15.6
2023-11-10,47.7,42.8,83.1,0.071,15.9,11.4,1001.7,79.1,19.5
2023-11-11,46.5,42.8,87.4,0.02,8,5.9,1009.4,83.6,15.1
2023-11-12,48.9,47.5,94.9,0.328,12.4,6.9,1006.1,99.4,10.6
2023-11-13,58,54.6,88.6,0.184,15.9,10.4,1007.9,91,11
2023-11-14,54.2,49,82.6,0.024,15,11.1,1011.5,85.6,8.6
2023-11-15,51.4,46.5,83.3,0,12.1,8.6,1020.7,81.1,12.9
2023-11-16,47.9,46.4,94.5,0.708,13.8,7.2,1012.2,97.6,12.7
2023-11-17,47.9,44,86.4,0.086,8.6,5.7,1022.8,86.2,38.4
2023-11-18,51.2,49.6,94.4,0.486,12.5,8.3,1020.2,99.2,5.3
2023-11-19,56.1,50.2,81.3,0,16.9,9.6,1016.6,80.5,18.1
2023-11-20,51.3,46.5,83.7,0.006,15.6,9.2,1014.4,92.8,10
2023-11-21,51.1,48.5,90.6,0.074,10.6,7.4,1018.3,95.2,9.8
2023-11-22,46.1,38.3,74.6,0,14.4,8.4,1029.8,74.9,16.8
2023-11-23,50.1,45.6,84.8,0.008,8.8,5.5,1028.2,98.9,8.4
2023-11-24,48.9,40.9,74.6,0.014,14.2,9.7,1019.9,85.1,10.4
2023-11-25,41.1,32.9,72.8,0,10.7,7.8,1020.5,28.9,15.3
2023-11-26,38.9,32.9,79.3,0.001,8.1,4.8,1019.4,77.1,20
2023-11-27,43.3,40.5,89.8,0.207,13.4,9.1,1004,98,7.3
2023-11-28,42.2,36.4,80.3,0.015,12.8,7.8,1007.3,75.4,16.8
2023-11-29,41.3,37,85,0,8.1,4.7,1006.5,84.1,16
2023-11-30,40.2,35,82.3,0.001,8.8,5.2,1000.1,89,9.9
2023-12-01,37.2,32.2,82.1,0,11.3,8,1004.6,99,7.4
2023-12-02,33.1,24.4,70.9,0,11.2,6.6,1015.8,51.5,12.8
2023-12-03,33.5,25.7,73.1,0,13.3,9,1019.3,84,16.9
2023-12-04,42.9,37.8,83.1,0.387,13.2,10.2,1002.2,99.3,5.8
2023-12-05,45.3,41.3,86.1,0.219,15.2,10,1006.7,97.3,12.4
2023-12-06,42.7,38.7,86,0.001,8.2,4.8,1018,76.1,8.3
2023-12-07,39.9,36.8,88.8,0.272,12.2,8.3,1014.1,98.5,6.1
2023-12-08,46.8,44.7,92.6,0.088,7.9,5.5,1010.2,85.5,9.8
2023-12-09,48.8,45.8,89.9,0.632,17.4,13,1006.2,90.2,6.3
2023-12-10,50.6,46.7,86.4,0.077,15.9,11,1011.1,90.7,10.4
2023-12-11,52,47.9,86,0.006,10.4,6.9,1009.4,83.5,11.5
2023-12-12,52.8,50.3,91.4,0.056,11.2,7.2,1005,91.2,10
2023-12-13,47.9,44.8,88.8,0.044,10.8,7.8,1001.9,92.4,7.5
2023-12-14,46.4,41.4,83,0.009,13.4,8.7,1021.4,98.5,10.3
2023-12-15,47.9,43.4,84.9,0.037,7.6,4.5,1036.5,93.7,13.7
2023-12-16,44.8,38,77.7,0,5.2,3.4,1042.8,42.4,10.3
2023-12-17,36.7,35,93.8,0,7,4.3,1039.6,56.8,10.9
2023-12-18,35.3,34,95,0,8.1,5.5,1036,100,7
2023-12-19,43.2,40.6,90.8,0.047,12.2,8.6,1026.4,99.8,9.1
2023-12-20,46.6,42.2,84.7,0.003,12.9,8.5,1023.1,73.8,8
2023-12-21,51.4,47.5,86.7,0.023,14.3,11.9,1013.9,96.9,6
2023-12-22,50.8,45.5,82.3,0.017,14.2,11.3,1017,97,6.3
2023-12-23,50.6,44.5,79.8,0,12.6,10.2,1020.1,98.5,9.4
2023-12-24,51.9,45,77.2,0,14.5,11.6,1016.8,96.5,13.3
2023-12-25,53,47.5,81.6,0,12,10,1016.2,99.6,9.3
2023-12-26,51.3,46.9,85.3,0.008,11.4,7.4,1019.1,99.6,6.2
2023-12-27,49.1,40.8,74.7,0,15.4,9.8,1016.8,95,13.8
2023-12-28,50.6,46,84.3,0,15.4,10.1,1016.9,94.4,10.7
2023-12-29,50.7,46.3,84.9,0.049,14.9,11.3,1015.8,92.5,12.4
2023-12-30,48.5,45.5,89.5,0.002,12.6,8.8,1014.4,85.9,8.8
2023-12-31,48.8,41,74.8,0.042,21.6,14.9,1002.1,80.1,11.6
2024-01-01,46.5,40.8,80.7,0.115,15.4,11,1009.3,78.8,14.7
2024-01-02,51.5,48.6,89.8,0.469,22.4,18.5,998.6,97.1,3.8
2024-01-03,51.2,45.8,81.7,0.204,17.2,13.9,999.7,90.6,8.1
2024-01-04,49.1,44.2,83.1,0.001,16,11.1,1006.2,82.7,11.9
2024-01-05,45.9,39.8,79.2,0,14.2,8.3,1004.2,62.3,9.8
2024-01-06,42.7,37.4,81.7,0.024,12.2,8.7,1013.1,90.2,10.5
2024-01-07,38.3,32.9,80.7,0.001,14,11.6,1021.1,98.1,5.6
2024-01-08,30.7,22.6,72,0.006,16.3,11.7,1026.9,98.4,7.8
2024-01-09,28.8,21,72.6,0.006,10.3,8.6,1026.5,98,11.1
2024-01-10,30.5,22.3,71.5,0,8,6,1025.9,89.9,18
2024-01-11,31.6,22.7,69.5,0,13.4,9,1031.2,13,14.5
2024-01-12,35.1,30.5,83.4,0,11.5,8.5,1033.3,93.3,7.2
2024-01-13,29.9,28.1,92.9,0,5.6,3.6,1027.3,100,6.1
2024-01-14,28.8,25.7,88,0,7.3,4.6,1016.1,100,12.5
2024-01-15,35.2,27,73.5,0,11.8,6.2,1011.3,77.8,43.2
2024-01-16,30.8,23.5,74.8,0,6.8,3.7,1010.7,67.5,14
2024-01-17,34.9,33.3,94,0.666,10,5.9,990.9,99.4,13.5
2024-01-18,33.3,29.6,86.6,0.39,13.3,9.1,1002.9,71.2,19.8
2024-01-19,31.4,27.2,84.7,0,6.6,4.2,1023.6,47.3,51
2024-01-20,30.5,24.9,80.1,0,9,4.8,1029.6,59.6,22.2
2024-01-21,38.9,33.7,81.8,0,19.5,10.8,1024,97.6,12.9
2024-01-22,51.6,44.6,77.4,0.014,23.5,16.3,1018.3,79.1,15.9
2024-01-23,49.2,44.7,84.4,0.008,13.3,9.5,1028.6,92.1,21.6
2024-01-24,56.1,48.8,77.1,0.019,14.9,9.5,1029.4,90.7,16.6
2024-01-25,52.4,49.7,90.5,0.026,8,5.1,1030.5,96.8,12.5
2024-01-26,50.3,41.5,73.9,0.031,13.7,8.5,1031,62.4,22.8
2024-01-27,39.7,32.4,76.4,0,6.9,4.4,1035.5,55.2,22
2024-01-28,40.6,35.9,83.6,0,7.8,5.2,1027.4,75,17.4
2024-01-29,47.5,42.5,83.3,0,9,6,1027.4,85.4,22.3
2024-01-30,50.1,43.6,78.8,0,8.1,5.4,1030.8,94.1,13.3
2024-01-31,46.1,38,73.4,0,8.2,5.1,1034.5,84.5,22.5
2024-02-01,50.1,46.1,86.2,0.009,8.6,5.9,1033.4,93.7,10.6
2024-02-02,43.7,40.7,89.3,0,8.5,5.5,1035.4,78.1,22.5
2024-02-03,49.2,46,89,0.008,7.6,5.7,1032.9,99.9,13.7
2024-02-04,49.4,45.3,85.7,0.002,10.7,7.5,1031.2,99.7,13.2
2024-02-05,47.6,41.8,80,0,12.2,8.3,1027.7,99.7,9.8
2024-02-06,49.6,44,81.2,0,13.5,11.4,1020.4,97.7,14.7
2024-02-07,52.5,49.4,89.5,0.138,19.2,12.6,1008.8,99.7,14.1
2024-02-08,53.9,50.8,89.5,0.188,15.9,11,998.5,98.7,14.3
2024-02-09,52.7,47.1,81.3,0.03,15,11.5,986.4,91.5,17.5
2024-02-10,47.5,45.4,92.4,0.226,12.7,5.4,985.6,93,9.2
2024-02-11,48,43.5,84.8,0.016,14.6,9.9,993.4,95.5,18.5
2024-02-12,45.4,39.9,81.7,0.001,7.7,4.5,1007.9,68.6,24.8
2024-02-13,44.9,40.1,83.9,0.005,14.3,7.7,1018.8,81.6,20.7
2024-02-14,53.8,50.2,88,0.002,10.6,8.4,1019.9,95.7,28.6
2024-02-15,56.8,47.3,71.7,0,9.4,6.7,1013.9,91.7,31.4
2024-02-16,56,47.6,73.7,0.007,13.6,9,1017.3,95.7,16.9
2024-02-17,52.9,39.8,61.4,0,7.7,5,1032.7,79.3,33.1
2024-02-18,49,44.7,85.1,0.095,10.8,8,1031.2,97.2,10.7
2024-02-19,51.4,47.2,85.6,0.001,9.8,7.4,1032.2,95.6,17.8
2024-02-20,47,43.5,87.7,0,8.9,6.1,1031.4,94.9,28.5
2024-02-21,47.4,44.1,88.4,0.324,18.1,10.2,1017.1,97.3,18.3
2024-02-22,51.5,47.9,87.8,0.512,24,15,994.3,93.7,17.7
2024-02-23,43,37.6,81.1,0.011,13.9,10.5,994.9,82.3,28
2024-02-24,42.1,36.9,82.2,0.171,13.6,10,999.9,94.2,18.9
2024-02-25,44.2,41.7,90.9,0.118,12.5,9.5,997.3,98.3,14.9
2024-02-26,46.1,44.5,94.1,0.253,18.8,10,996.8,99.3,10
2024-02-27,43.9,38.2,80.9,0.028,16.9,12.3,1017.1,94.9,25.1
2024-02-28,44,38.8,82.4,0,9.9,5.5,1022.7,61,33.5
2024-02-29,48.5,46.2,91.7,0.128,11.2,9.1,1010.7,99.8,14.6
2024-03-01,45.2,40.9,85,0.204,16.6,11.7,1002.3,87.9,30.7
2024-03-02,43.5,41.3,92,0.502,11.9,7.2,997.4,91.1,17.3
2024-03-03,44,38.8,82.5,0.134,9.3,5.6,1002.9,92.4,37.4
2024-03-04,44.6,35.3,71.8,0,11.4,5.3,1012.3,71.2,45.1
2024-03-05,45.5,39.5,80,0.04,10.7,7.7,1014.3,96.3,28.3
2024-03-06,44.9,39.3,81.4,0.097,6.4,4.4,1021.1,89.4,24.1
2024-03-07,46.4,38.4,75.3,0,12.3,6.9,1018,40.7,54
2024-03-08,47.9,37.3,67.6,0,15.5,9.4,1004.6,59.7,36.1
2024-03-09,48.4,41.1,77,0.198,11.9,7.9,995.3,84.4,24.9
2024-03-10,47.2,42.9,85.5,0.016,7.4,5,995.2,92.3,34.7
2024-03-11,47.4,41.9,81.7,0.032,11.3,6.8,1006.6,92.4,21.9
2024-03-12,49.3,46.1,88.7,0.225,10,7.4,1017.2,97.4,23.4
2024-03-13,53,48.3,84.4,0,8.6,6,1018.1,97.3,27.5
2024-03-14,54,46.5,77.5,0.006,10.1,6,1012.7,58.5,43.3
2024-03-15,56.9,50.1,78.5,0.056,12.7,9.2,1012.3,94.4,88.3
2024-03-16,54,44.7,71.7,0.02,12.3,7,1021.2,89.6,89.8
2024-03-17,53.8,50.8,89.4,0.096,10.1,5.5,1019.6,92.7,60.8
2024-03-18,57.3,49.7,76.8,0.006,8.8,4.6,1017.4,87.8,105.6
2024-03-19,55.4,46.9,74.7,0,6.6,3.4,1018.3,72.8,146.8
2024-03-20,57.8,46.4,68.3,0.006,4.8,3.1,1018,84.1,145
2024-03-21,58.8,46.6,65.5,0,6.4,4.4,1025,76.2,155.5
2024-03-22,56.5,46.7,71,0.023,11.7,5.9,1020,60.7,69.7
2024-03-23,45.9,39.1,77.7,0.193,15.1,10.6,1016.4,83.7,47.5
2024-03-24,45.9,36.1,69.8,0,12.5,9.4,1013.5,47.6,7.6
2024-03-25,47.6,35.9,66,0,13.4,7.7,1003,72.1,0
2024-03-26,49.3,44.8,84.8,0.119,16.5,7.6,989,91.8,0
2024-03-27,47.4,40,76.7,0.005,15.9,10.6,986.8,91.4,0
2024-03-28,48.3,38.9,70.7,0.229,25.3,17.1,987.2,87.7,0
2024-03-29,51.2,44.4,78.3,0.244,15,9.5,993.1,91.7,0
2024-03-30,47.1,43.2,86.8,0.536,9.5,6.1,996.3,94.9,0
2024-03-31,51,45.3,81.6,0.111,13.8,7.7,992.9,76,34.5
2024-04-01,49.9,43.7,79.8,0.025,16.1,9,998.3,90,62.5
2024-04-02,50.9,44.5,79.2,0.012,18.7,12,1008.9,87.2,43.4
2024-04-03,55.5,48.9,79.7,0.308,15.7,10.3,1007.5,91.4,84.8
2024-04-04,58.3,51.3,78.7,0.764,18.7,12.9,1010.7,95,44.5
2024-04-05,60,53.1,78.2,0.015,13.9,8.4,1011.1,91.5,45.4
2024-04-06,64.1,48,58.3,0.001,15.8,9.2,1009.6,90.1,71.3
2024-04-07,61.2,50.8,68.8,0.024,10,6.7,1014.5,93.5,37
2024-04-08,60.2,52.7,78.5,0.119,11.7,6.9,1007.5,80.6,74.4
2024-04-09,50.9,40,66.4,0.049,15.8,11.2,1015.6,83.4,64.4
2024-04-10,52,39.1,63.8,0.001,8,5.5,1029.7,39.9,77.3
2024-04-11,58.5,50,73.5,0.001,7.2,4.7,1032.8,91.9,58.8
2024-04-12,62.5,52.8,73.5,0.007,6,4.5,1032.4,66.6,97.8
2024-04-13,66.7,54,66.5,0,11,6.2,1026.3,70.1,99.7
2024-04-14,60.4,48.9,66.7,0,11.7,6.1,1023.3,71.6,78.9
2024-04-15,51.9,41.3,67.7,0.098,18.2,10.9,1015.6,83.3,46.3
2024-04-16,48.7,39.7,71.3,0.062,14.9,11.2,1013.8,81.8,47.1
2024-04-17,47.1,37.5,69.9,0.051,16.8,8.1,1015.6,72.4,106
2024-04-18,46.8,35.5,67.3,0.044,9.6,5.5,1020.7,79.7,75.6
2024-04-19,49.7,42.5,76.4,0.125,12.5,8.8,1019.5,96.8,34.1
2024-04-20,45.9,35.5,67.5,0.001,13.4,9.5,1024.9,68.4,67.2
2024-04-21,46,33.9,63.5,0.001,18.3,10.3,1025.3,63.3,73.2
2024-04-22,45.4,33.6,65.1,0.012,12.5,8.9,1025,64,86.7
2024-04-23,45.8,29.9,56.5,0,10.8,7.6,1021.2,57,94.3
2024-04-24,46.8,35.3,65.4,0,13.1,9.2,1015.8,94.2,52.1
2024-04-25,48.6,33,56.7,0,7.6,4.7,1008.7,83.8,73.3
2024-04-26,52.6,40.3,64.3,0.001,9.1,5.8,1003.7,85,64.2
2024-04-27,54.1,50.2,87.2,0.253,11.2,6.6,1002.2,94.8,61.4
2024-04-28,54.4,45.6,74.4,0.051,13.9,9.9,1008.7,87.7,74.8
2024-04-29,56.2,45.8,70.3,0,8.6,5.6,1018.2,71.2,63.2
2024-04-30,58.8,52.2,79.3,0.023,13,7.7,1014.1,96.5,59
2024-05-01,60.4,54.2,81.2,0.127,12.7,6.3,1005.8,86.7,67.4
2024-05-02,52.9,49.3,87.5,0.531,12.7,8,1004.6,99,34.2
2024-05-03,54.7,44.7,70.3,0.001,12.1,8.3,1013.3,75.2,101.4
2024-05-04,51.1,45.5,81.9,0.027,7.3,4.7,1012.3,85.4,70.2
2024-05-05,56,51.6,85.7,0.046,9.4,4.8,1009.7,97,52.9
2024-05-06,57.6,48.8,74.8,0.079,10.9,6.8,1008.4,89.6,100.4
2024-05-07,58,49.5,75,0.007,13.3,6.9,1018,61.6,102.3
2024-05-08,53.9,46.4,75.8,0,10.3,8,1027.4,74,52
2024-05-09,57.9,48.1,72.5,0,7.9,6.1,1026.1,57.7,124.5
2024-05-10,65.5,48.9,57.6,0,9.8,7,1021.6,58.7,120.3
2024-05-11,68.6,51.6,56.7,0,8.5,5.8,1017.9,49.1,107.8
2024-05-12,67.3,55.2,66.6,0.021,9.6,4.2,1013.6,79.3,54.6
2024-05-13,65,55.8,73.5,0,10.3,7.5,1010.2,86,114.8
2024-05-14,59.7,56,88,0.405,8.1,5.9,1004,97.2,45.4
2024-05-15,60.8,51.6,73.8,0.044,8.1,5.5,1005.7,83.6,115.8
2024-05-16,60.4,49,68.2,0.018,9.2,6.2,1006.2,83.2,121
2024-05-17,59.8,48.9,68.4,0.002,9,4.1,1009.9,90.4,106.6
2024-05-18,61.2,51.9,72.6,0.058,8.1,4.8,1012.2,89.1,35
2024-05-19,61.8,53.5,75.5,0.091,6.6,4.1,1012.7,90.3,125.2
2024-05-20,61.6,53.2,75.6,0.121,9.3,5.6,1010.5,61.9,46.5
2024-05-21,60.9,55.5,83.3,0.379,8.8,5.2,1007.9,91.6,77.8
2024-05-22,60.8,51.7,73.1,0.059,13.7,7.3,1011.7,83.9,78.7
2024-05-23,60.3,51.1,72.6,0.007,11.6,4.6,1016.2,86.5,61
2024-05-24,60.8,51.3,72,0,9.6,6.2,1018.3,89.6,110
2024-05-25,62.5,50.6,66.8,0.001,7.3,5.1,1017.8,60.9,116.1
2024-05-26,65.1,52.2,64.1,0.001,12.4,7.9,1014.8,87.3,61.5
2024-05-27,59.4,48.2,66.7,0.018,10.8,5.1,1018.7,88.6,78.9
2024-05-28,56.6,52.7,86.8,0.084,9.7,6.8,1019.2,83.4,58.4
2024-05-29,59.6,57.1,91.2,0.628,9.9,7.6,1013.2,99.2,50.5
2024-05-30,57.6,52.2,82.5,0.249,13.3,7.4,1010.4,95.6,70.4
2024-05-31,56.5,52.1,85.3,0.064,11.6,8.6,1015.1,95.6,65.8
2024-06-01,55.9,52.9,89.8,0.16,13.4,10.1,1020.6,99.8,23.5
2024-06-02,57.6,50.9,78.9,0.001,13.3,10.5,1023.8,92.4,73.6
2024-06-03,60.6,50,69.6,0,7.9,5.9,1021.5,62.2,95
2024-06-04,66.6,54.7,67.2,0,12,5.8,1014.7,89.6,71.5
2024-06-05,64.1,51.4,64,0,9.7,7.3,1014.5,79.2,102.3
2024-06-06,61,46.4,60.1,0,10.1,5.5,1017.9,62.9,116.3
2024-06-07,61.9,44.1,53.6,0,7.2,4.5,1019.9,18.9,122.1
2024-06-08,62.6,47.9,59.6,0,11.6,6.4,1014.7,39.7,110.4
2024-06-09,61.5,46.4,60.4,0,10.3,7.5,1012.6,30.5,117
2024-06-10,57.8,45.8,64.9,0.048,15.3,9.1,1012.3,56.3,86.9
2024-06-11,56.4,43.8,63.5,0,10,5,1017.9,55.1,71.9
2024-06-12,57.1,44,62.8,0.001,6.1,4.4,1020.9,56,91
2024-06-13,61.4,44.9,56.3,0,11,6.4,1017.1,81.2,87.6
2024-06-14,62.3,52.6,72.2,0.054,14.8,9.8,1007.6,93.1,107
2024-06-15,58.8,48.4,69.1,0.014,15.3,11.8,1007.7,82,57.5
2024-06-16,59.8,54,81.8,0.215,13.8,8.9,1007.9,94.9,65
2024-06-17,65.8,57.8,77.1,0.02,9.9,5.4,1011.6,92.8,120.7
2024-06-18,67,61.9,84.5,0.275,10.9,5.3,1011.9,93.6,65.8
2024-06-19,65.2,58,78.2,0.002,12.4,9.1,1016.1,96.6,76.1
2024-06-20,66.3,58.3,75.7,0.007,9.7,6.3,1016.6,95.2,59.3
2024-06-21,66.9,58.4,75.7,0.109,8.3,4.6,1014.7,88.3,101.5
2024-06-22,63.6,54.2,73,0.082,12.2,8,1015.6,84.9,98.2
2024-06-23,65.8,50.9,60.3,0,6.2,3.8,1020.2,43.2,128.5
2024-06-24,71.9,56.4,60.2,0,8.9,5.6,1018.5,26.4,102
2024-06-25,76,58.5,56.7,0,7.4,6.2,1013.3,28.7,159.9
2024-06-26,77.6,61.1,58.4,0.001,8.5,5.1,1010.5,42.3,105.6
2024-06-27,77.1,62,60.7,0,12.3,6.7,1010.6,74.7,130.3
2024-06-28,67,51.1,58.3,0,10.6,5.9,1017.5,66,143.3
2024-06-29,66.2,52.7,62.1,0.004,15,9.2,1013,92.1,73.1
2024-06-30,66.9,56,69.2,0.031,10.4,7.1,1012.4,93.8,76
2024-07-01,64.7,52.8,66.4,0.006,10.2,7.4,1017.9,88.1,87.8
2024-07-02,63.2,53.1,69.9,0.177,11,6.7,1018.2,96.8,90.2
2024-07-03,62.4,51.1,67.9,0,12.1,6.7,1013.3,96.7,76.4
2024-07-04,65,51.8,64.9,0.031,12.2,9.1,1012.3,71.4,97.5
2024-07-05,67.5,50.7,55.9,0,13,7.2,1012.2,75.3,88.5
2024-07-06,64.6,48.5,58.1,0.033,14.2,9.1,1007.6,80.3,88.6
2024-07-07,62.2,44.9,54.2,0.001,11.5,6.2,1014.6,72.7,109.8
2024-07-08,67.1,50.9,58,0,6.3,4.1,1015.8,82.4,80.3
2024-07-09,70.4,58,65.3,0.113,11.8,5.3,1012.6,77.3,71.1
2024-07-10,71.3,57.9,64.3,0,11.1,7,1016.1,83,86.1
2024-07-11,69.6,55.2,60.8,0.001,8.4,5.1,1017.4,78,61.6
2024-07-12,62,55.8,80.9,0.635,10.9,7.9,1014.2,96.3,73.2
2024-07-13,62.7,53,72.5,0.001,9.6,4.5,1014.7,82.7,109.9
2024-07-14,65.2,53,67.1,0.015,5.7,3.4,1013.5,53.7,61.7
2024-07-15,69.7,56.6,64.8,0.001,13.7,5.8,1009.7,56.2,74.2
2024-07-16,66.5,54.7,67,0.003,16.6,11,1014.2,78.2,76.8
2024-07-17,69.3,53.7,59.9,0,5.1,3.2,1020.7,54.3,85.1
2024-07-18,74.6,56.4,55.4,0,5.5,3.8,1020.1,69.9,95.4
2024-07-19,80.2,59.5,51.6,0,8,3.8,1016.5,70.8,117
2024-07-20,78.8,60,53.9,0,8.3,5.3,1009.4,56.7,83.3
2024-07-21,72,62.9,74.5,0.079,11,6.9,1010.2,90,93.8
2024-07-22,68.1,56.3,66.6,0,9.8,7.1,1019.3,75.2,106.2
2024-07-23,68.4,59.7,75.1,0.013,11.2,8.2,1020.2,90.9,114.2
2024-07-24,68.4,55.5,65.4,0,6.2,3.8,1021.6,83,100.3
2024-07-25,73.4,57.2,58.4,0.001,9.7,5.5,1014.9,93.9,87.3
2024-07-26,68.9,64,84.7,0.348,5.7,3.2,1012.7,98.7,55.2
2024-07-27,64.3,62.1,92.8,0.447,6.9,3.9,1015.3,97.7,37.8
2024-07-28,66.8,55.4,69,0.006,9.4,5.4,1024,47.2,102.8
2024-07-29,74.6,58.1,58.6,0,7.5,5.9,1019.9,20.1,110.2
2024-07-30,82.6,65.8,58.4,0,5.8,3.2,1014.7,31.2,103.6
2024-07-31,79.2,68.5,71.1,0.124,11.2,4.3,1012.7,89.2,70.6
2024-08-01,77.8,68.5,74,0.237,9.9,5.1,1011.6,75.9,62.5
2024-08-02,73.4,63.9,74.7,0.354,9.3,5.5,1012.9,53,85.2
2024-08-03,68.6,58.2,70.5,0.022,9.6,6.2,1015.2,76.2,63.8
2024-08-04,69.4,55.8,63.8,0,8.6,5.5,1016.2,91.6,89.8
2024-08-05,72.9,56.3,58.7,0,6.7,4.4,1014.5,22.3,80.5
2024-08-06,74,57.5,57.4,0,11.4,6,1011.6,53.7,83.3
2024-08-07,68.6,54.3,62.4,0.007,9.1,6.5,1014.6,85.6,87.8
2024-08-08,72,54.1,54.4,0,8.6,5,1017.5,70.1,79.2
2024-08-09,72.4,61,67.8,0.011,9.7,6.9,1018.2,80.3,59.7
2024-08-10,73.3,58.4,61.6,0,6.4,4.2,1021.5,41,80.6
2024-08-11,78,58.4,52.3,0,10,6.1,1018.4,38,79.3
2024-08-12,82.9,62.9,54.6,0,11.8,7.1,1010.3,14.7,79.7
2024-08-13,74.5,64.6,71.5,0,11.1,5.1,1010.5,91.8,60.5
2024-08-14,74.4,62.7,67.9,0.001,9.2,4.6,1013.2,93.1,82.8
2024-08-15,73.3,58.7,62.4,0,8.6,6.2,1018,63.8,84.6
2024-08-16,71.9,59.9,66.3,0,10.3,6.7,1017.2,73.3,53.4
2024-08-17,68.9,65,87.7,0.918,7.3,4.5,1013.8,99.5,26
2024-08-18,63.6,55.1,75.1,0.018,11.6,8,1015.1,96,61.3
2024-08-19,64.7,53.9,69.6,0.006,5.6,3.6,1018.6,67,88
2024-08-20,64.8,58.5,80.8,0.231,12,6.2,1013.9,62.3,54.9
2024-08-21,62.3,50.7,68,0.001,8.3,5.5,1020.2,62.5,83.8
2024-08-22,66.1,50.9,61.6,0.001,11.3,6.8,1014.3,56.1,80.1
2024-08-23,70,60.5,72.7,0,12.8,9.5,1010.8,81,56.7
2024-08-24,71.9,62.2,73.2,0.06,14.1,9.6,1009,69.5,52.7
2024-08-25,62.6,48.5,62.3,0,7.9,5.9,1022.1,41.5,55.4
2024-08-26,64.9,49.9,60.8,0,7.3,4,1022.8,31.6,77.9
2024-08-27,69.3,52.6,57.6,0,7.1,4.1,1019.5,45.7,76.9
2024-08-28,74.5,57.8,59.5,0,9,4.8,1014.2,34.2,78
2024-08-29,71.4,58.7,64.9,0,10.2,6.7,1017.7,76.2,61.3
2024-08-30,64,57.3,79.9,0.361,9.9,8.4,1019.9,96.4,29.8
2024-08-31,67.1,62,84.3,0.012,9.3,6.8,1018.4,89,57.4
2024-09-01,73.5,65,76.1,0.008,10.2,6,1013.1,67.1,49
2024-09-02,70.2,61.5,75,0.001,8.6,5.5,1013.5,68.4,53.8
2024-09-03,67.6,60.3,78.1,0.013,8.5,5.3,1015.1,97,48.2
2024-09-04,66.5,55.8,69.5,0,8.2,5.4,1016.4,89.6,48.5
2024-09-05,61.3,56.1,83.6,0.985,11.6,6.8,1010.7,96.6,33.1
2024-09-06,63.6,56,78.4,0.008,7.9,4.1,1011,61.5,47.6
2024-09-07,65.5,60.7,84.7,0.027,9.3,4.7,1009.5,94,40.6
2024-09-08,61.8,56.3,82.9,0.336,14.3,9,1009.3,86.2,54.3
2024-09-09,61.2,57.6,88.1,0.069,11.6,8.5,1010.6,98.7,39.1
2024-09-10,59,51.1,75.4,0,13.6,9.3,1015.7,85.8,41.7
2024-09-11,58,48.8,72.7,0.057,15.6,8.2,1011.4,81.7,59.7
2024-09-12,52.7,44.5,74.6,0.22,10.1,6,1016.1,49.4,43.7
2024-09-13,53.1,45.4,75.5,0,12.7,7.3,1025.5,68.8,50.3
2024-09-14,55,44.3,69.4,0,8,4.8,1031.4,44.8,43.5
2024-09-15,56.9,45.3,67.7,0.001,6.6,3.9,1028.5,22.6,48.7
2024-09-16,61.2,52,72.3,0,11.2,6.8,1026.2,91,48.5
2024-09-17,61.9,53.7,75.5,0,15.2,11.6,1025.3,78.1,59.3
2024-09-18,65.5,55.8,72.7,0,12.9,10.3,1021.7,50.4,169.8
2024-09-19,68.1,53.5,61.6,0,13.9,10,1018.5,34.5,52.4
2024-09-20,65.4,54.2,67.8,0.005,9.3,5.8,1017.1,66.9,47.5
2024-09-21,66.3,57.9,75.8,0.041,8.3,5.3,1016.8,82.8,37.5
2024-09-22,64.4,60.4,87.2,0.357,8.6,5.3,1012.9,99.1,27.1
2024-09-23,59.8,56.6,89.7,0.127,11.8,7.5,1008.6,92.5,35.2
2024-09-24,58.8,56.1,90.8,0.162,13.4,9.4,1006.2,97.7,37
2024-09-25,58,56.6,94.9,0.429,13.5,7.3,1003.8,92.7,24.1
2024-09-26,60.4,57.6,90.5,0.242,18.4,12.1,994.4,83.9,22.2
2024-09-27,55.5,50,82.3,0.08,18,12.7,1002.5,82.5,38.1
2024-09-28,51.2,43.1,75.6,0.016,10.7,5.4,1022.3,55.1,62.7
2024-09-29,48.4,44.2,85.7,0,9.2,5.3,1023.3,86.8,61
2024-09-30,58.1,53.9,86.2,0.008,18,12.9,1011.5,96.3,68.8
2024-10-01,57,49.6,77.2,0,12.3,8.6,1010.9,73.8,39.7
2024-10-02,55.6,51.6,86.5,0.012,13.1,9.1,1009.2,88.3,29.1
2024-10-03,53.3,47.1,80,0,12.7,9.7,1016.1,78.9,28.8
2024-10-04,50.7,43.4,77.4,0,8,5.7,1019.7,15.9,27.5
2024-10-05,51.8,43.9,76.9,0,14.6,6.2,1016.2,23.6,25.7
2024-10-06,54.6,52.3,91.8,0.012,10.3,7.8,1004.5,92.6,29.5
2024-10-07,59.7,58.2,95,0.626,9.1,7,1001.3,88,22.5
2024-10-08,59.8,55.7,87.2,0.02,17.2,10.8,999.3,83.3,33.5
